{"cameraMode":{"drawMode":0,"name":"Shaded","section":"Shading Mode"},"sceneLighting":true,"audioPlay":false,"sceneViewState":{"m_AlwaysRefresh":false,"showFog":true,"showSkybox":true,"showFlares":true,"showImageEffects":true,"showParticleSystems":true,"showVisualEffectGraphs":true,"m_FxEnabled":true},"in2DMode":false,"pivot":{"x":6.43196964263916,"y":1.0529197454452515,"z":-1.8606280088424683},"rotation":{"x":0.12253053486347199,"y":0.0505930632352829,"z":-0.0062545002438127998,"w":0.9911555647850037},"size":10.626702308654786,"orthographic":false}